,movieid,avg_vote,votes
0,tt0007338,6.4,313
1,tt0013597,5.8,551
2,tt0023460,5.7,131
3,tt0029210,7.1,676
4,tt0988045,7.6,574055
5,tt0012382,6.1,268
6,tt0013704,6,118
7,tt0039912,6.4,946
8,tt5990444,4.3,1182
9,tt0015136,7.1,1540
10,tt0117038,5.7,40367
11,tt1754202,5.3,120
12,tt1906426,6.9,4487
13,tt0016123,6.2,906
14,tt3757216,2.7,192
15,tt3976144,5.4,15314
16,tt0018397,6.9,498
17,tt0018455,8.1,46069
18,tt0128059,3.5,192
19,tt1403047,6.6,1632
20,tt2208216,6,2502
21,tt8396182,7.4,106
22,tt8553606,6.8,793
23,tt8821182,4.3,480
24,tt0020640,7.5,13341
25,tt4155534,5.8,1931
26,tt0021324,5.2,208
27,tt0022913,7.9,41173
28,tt8781414,6.7,23654
29,tt0023818,6.9,298
30,tt1753521,3.2,539
31,tt2246595,5,945
32,tt4594286,5.7,721
33,tt0024897,6.1,207
34,tt0086978,4.8,764
35,tt0115702,6.7,206
36,tt0480268,5.8,839
37,tt0027669,4.7,159
38,tt0028331,6,813
39,tt0030169,6.4,104
40,tt0217505,7.5,396984
41,tt0031394,6.8,488
42,tt0990407,5.8,153763
43,tt0032258,6.3,1968
44,tt0218053,3.2,192
45,tt0400234,8.5,18180
46,tt0033214,5.9,253
47,tt0034828,7.1,1077
48,tt9815714,4.8,2357
49,tt0035423,6.4,77852
50,tt0035798,6.5,1112
51,tt1545304,5.2,6961
52,tt0035916,6.6,1540
53,tt7755856,6.2,1719
54,tt0035969,5.9,160
55,tt4553434,6.5,147
56,tt0036323,7.5,7776
57,tt0086232,5,1371
58,tt0318649,6,90793
59,tt4466894,5.6,2331
60,tt0036757,6.3,128
61,tt0037638,7.4,14504
62,tt1753693,5.2,798
63,tt0039829,6.5,450
64,tt0041161,7.9,535
65,tt0112459,5.4,1124
66,tt0041414,6.2,225
67,tt0051658,6.7,19203
68,tt0042578,6.4,103
69,tt0043669,6.8,873
70,tt0043899,7,3240
71,tt0044614,6,106
72,tt0964517,7.8,334145
73,tt0044761,7.4,101
74,tt0045091,6.1,671
75,tt0178868,7.2,62269
76,tt0298130,7.1,315069
77,tt0046703,7,158
78,tt1170389,4.8,271
79,tt5479616,5.2,3432
80,tt9626774,5.2,121
81,tt0047437,7.7,57694
82,tt0114319,6.3,35970
83,tt7981492,4.2,1397
84,tt0047561,7.1,246
85,tt0075314,8.3,703264
86,tt0048166,6.4,326
87,tt8865580,5.4,555
88,tt0051346,6.5,196
89,tt0053965,7.4,407
90,tt0055401,6.3,166
91,tt6951892,4.4,4074
92,tt0056193,7.6,90641
93,tt0119558,6.9,51001
94,tt0056379,7.1,225
95,tt0057120,7,131
96,tt0107060,6.3,642
97,tt0058547,7.5,1501
98,tt0059448,7.3,4187
99,tt0113827,5,163
100,tt0121556,5.5,316
101,tt0060104,6.7,172
102,tt0062032,5.4,962
103,tt0079039,3.8,222
104,tt2069797,5.7,6114
105,tt2322415,2.9,235
106,tt3131050,3.2,739
107,tt3778394,4.5,337
108,tt0064055,5.7,430
109,tt0064506,7.4,917
110,tt6692354,7.2,9875
111,tt0065917,6,204
112,tt5350358,6.3,839
113,tt5639446,5.9,5188
114,tt0068257,8,3534
115,tt0069067,7.1,707
116,tt0069458,8,617
117,tt5862312,6.2,34261
118,tt0069810,7.1,1662
119,tt0308055,7,40767
120,tt0960734,3.7,613
121,tt7166214,6.6,212
122,tt0071225,4.6,409
123,tt0071811,6.9,203
124,tt0072064,7.3,584
125,tt0072074,6.5,124
126,tt5820812,5.7,242
127,tt0072285,6.4,6616
128,tt7671414,3.7,886
129,tt0072783,8.3,11306
130,tt0072972,7,293
131,tt4984868,5.4,245
132,tt0073104,6.8,937
133,tt0242519,8.2,55000
134,tt0075148,8.1,506246
135,tt0215132,6.9,576
136,tt0814295,4,310
137,tt0075249,6.9,1387
138,tt0790751,6,892
139,tt0075454,7.3,808
140,tt0075669,7.5,6999
141,tt8107464,4.3,884
142,tt0075787,6.6,113
143,tt0765010,7.1,109275
144,tt3802576,6.5,11436
145,tt0077451,7.8,11031
146,tt0461936,7.2,33662
147,tt0798780,5.7,157
148,tt1169270,5.5,859
149,tt0077573,5.4,175
150,tt0312700,3.4,6275
151,tt1615160,7,96216
152,tt2170623,6.7,1627
153,tt0077749,6.4,105
154,tt1302006,7.9,304528
155,tt0078356,4.9,410
156,tt3099498,5.3,45366
157,tt0079221,8.6,17381
158,tt0079236,6.5,566
159,tt0079643,6.3,227
160,tt6214928,6.3,49788
161,tt0079687,6.8,167
162,tt10303892,5.2,1198
163,tt2011311,6.3,19548
164,tt2198241,4.7,2475
165,tt0079749,6.2,477
166,tt0079756,6.7,662
167,tt0417976,5.6,8883
168,tt4776998,6,167369
169,tt0079817,7.3,187094
170,tt0080653,6.7,875
171,tt0082017,6.7,299
172,tt0118614,6.7,746
173,tt3007924,2,256
174,tt0082162,8,2186
175,tt0082594,6.9,1286
176,tt0082964,6.4,1156
177,tt1441951,6.8,18867
178,tt0083331,6.3,259
179,tt0084385,7.3,2283
180,tt0084602,6.8,169852
181,tt0084630,7.2,2977
182,tt0085210,7.2,13560
183,tt0112442,6.9,235440
184,tt0085278,6.3,114
185,tt0088864,7.3,190
186,tt0085763,5,200
187,tt1465490,6,261
188,tt2446980,6.6,125572
189,tt8917752,6.6,1016
190,tt0085776,7.9,1041
191,tt0085896,7.6,659
192,tt0085913,8.4,3542
193,tt0086156,6,305
194,tt0218533,6.8,2164
195,tt0086230,8.4,2852
196,tt0086971,4.9,324
197,tt5431600,3.3,2573
198,tt0086980,4.8,492
199,tt0087844,6.2,163
200,tt5358948,3.1,1059
201,tt0087927,6,124
202,tt4139588,6.3,70883
203,tt0089469,6.5,58567
204,tt3381068,3.4,313
205,tt3555036,6.3,1684
206,tt3569230,6.9,153742
207,tt0089601,6.6,5567
208,tt0089927,6.9,182619
209,tt0090202,7,223
210,tt0091763,8.1,373386
211,tt0093378,6.9,27891
212,tt0095690,6.3,24303
213,tt0096054,6,6271
214,tt0096270,4.4,111
215,tt4396648,6.1,285
216,tt0097202,7.8,44986
217,tt0833484,4.6,1013
218,tt0097224,3.7,327
219,tt0421054,5.9,64123
220,tt3282076,4.4,4137
221,tt0097466,5.6,102
222,tt0133826,8.4,2537
223,tt0187108,6.6,465
224,tt0499375,7.7,21553
225,tt6010240,7.9,589
226,tt0098993,7,247
227,tt1147681,5.1,169
228,tt1249363,5.5,497
229,tt1799508,5.5,5083
230,tt4126476,5.4,30745
231,tt0098996,4.3,267
232,tt1393746,7.5,8564
233,tt1780762,4.8,11087
234,tt0098999,7.7,8142
235,tt1849718,6.9,21895
236,tt0099429,6.7,4794
237,tt0367657,7,249
238,tt0099652,7.6,3885
239,tt0100095,7.3,10516
240,tt0100156,5.7,1396
241,tt0100172,5.1,587
242,tt5690142,7.3,8481
243,tt0100507,5.3,124333
244,tt0100814,7.1,117345
245,tt0102166,4.6,704
246,tt1918886,2.4,4953
247,tt5611648,8.4,2867
248,tt7286456,8.5,855097
249,tt0102746,4,415
250,tt1185442,5.7,4627
251,tt0102818,6.3,2518
252,tt0331621,7,810
253,tt0411815,4.8,1228
254,tt2215457,4.7,1773
255,tt2375473,6.2,117
256,tt0103772,7,170177
257,tt0103881,6.3,111
258,tt0907842,6.9,163
259,tt0103920,4.4,106
260,tt0780492,6.5,977
261,tt0104540,4.8,133
262,tt0229486,5.9,101
263,tt0261755,5.6,528
264,tt10381126,5.2,331
265,tt1390841,5.4,104
266,tt3309662,2,686
267,tt0104741,5.5,285
268,tt3756788,7.5,11855
269,tt5434870,6.3,3431
270,tt0106278,4.2,178
271,tt0107818,7.7,219688
272,tt0108052,8.9,1183248
273,tt0108162,5.1,28543
274,tt0108237,4.7,103
275,tt0109093,6.9,5555
276,tt5580392,5.9,3452
277,tt0109117,8.2,48384
278,tt0109498,3.9,515
279,tt1071880,5.9,2581
280,tt0109550,6.1,1910
281,tt0110222,7.8,17001
282,tt0110912,8.9,1780147
283,tt0111212,3.5,135
284,tt0284494,7.1,1346
285,tt0111756,6.7,44565
286,tt0111780,3.8,105
287,tt0112453,7.1,38920
288,tt0112735,4.8,184
289,tt2428170,6.3,38811
290,tt0113189,7.2,234604
291,tt0114008,5.8,366
292,tt0114031,4.2,1513
293,tt0114047,5.1,210
294,tt0114070,4,1498
295,tt3833480,6.7,10057
296,tt0114092,6.6,774
297,tt7329858,6.6,5414
298,tt7976502,4.5,133
299,tt0114231,5.4,3565
300,tt0114726,4.8,2411
301,tt0115727,4,201
302,tt0115964,6.4,50760
303,tt0116136,6.5,89949
304,tt0116147,6.8,5340
305,tt0297865,7.2,793
306,tt0780504,7.8,558693
307,tt6593054,3,4921
308,tt0116439,6.3,485
309,tt0116771,2,469
310,tt0256858,5.5,1049
311,tt1103153,5.5,85853
312,tt2409300,6.4,4709
313,tt0116778,6.9,75859
314,tt0117437,6.2,6848
315,tt0117549,2.6,480
316,tt3922810,3.1,662
317,tt0117688,4,4051
318,tt0477472,5.6,251
319,tt2123294,6.6,324
320,tt2374196,4.6,1132
321,tt3026824,6.3,1405
322,tt6613814,7.1,2881
323,tt6699860,4.9,2177
324,tt0117765,4.5,42098
325,tt0117951,8.1,623437
326,tt0118664,3.7,175
327,tt0449467,7.4,285300
328,tt0118767,8,16484
329,tt0222851,7.2,21454
330,tt0118865,6.6,375
331,tt0283999,5.9,644
332,tt8637440,7,567
333,tt0118904,4.2,237
334,tt5741304,5.4,1189
335,tt0119008,7.7,271973
336,tt0119326,5.4,8625
337,tt0119396,7.5,309422
338,tt0119428,6,5007
339,tt0119572,7.5,3797
340,tt0119654,7.3,506999
341,tt0119861,7,13456
342,tt0119874,5.9,53180
343,tt0119931,5.3,429
344,tt0120082,6.2,153698
345,tt0120117,4.5,396
346,tt5830022,6.7,1025
347,tt8237282,5.1,109
348,tt0120157,6,51005
349,tt0211634,6.1,2532
350,tt0120577,5.9,31181
351,tt0120586,8.5,1014218
352,tt0120714,7.1,7724
353,tt2788710,6.5,301891
354,tt0120770,6.3,56159
355,tt0120838,5.8,2696
356,tt0120855,7.3,198381
357,tt1705952,4.8,12043
358,tt0120891,4.9,150995
359,tt0120912,6.2,337088
360,tt0122070,3.8,1013
361,tt0495111,5.2,110
362,tt1488602,3,135
363,tt0122194,5.6,330
364,tt1230439,5.1,106
365,tt1921149,7.2,20096
366,tt0122718,6.2,90196
367,tt0123102,6.7,746
368,tt0299977,7.9,172037
369,tt0997157,6.8,797
370,tt10709232,6.4,1286
371,tt2429086,3.7,215
372,tt4226970,6.3,355
373,tt4467202,3.5,2219
374,tt0126234,6.6,5609
375,tt0127503,4.2,435
376,tt2984576,3,1305
377,tt0129360,2.7,167
378,tt0134084,5.6,121153
379,tt0136153,4.7,2101
380,tt0138078,4.8,656
381,tt0138467,5.9,2656
382,tt8254556,7.1,11348
383,tt0138487,6.5,4033
384,tt0139615,7.1,2203
385,tt0374225,3.9,270
386,tt1173568,5.9,289
387,tt0144084,7.6,473137
388,tt0145048,6.2,477
389,tt4919484,6.7,6749
390,tt0145393,7.1,2127
391,tt0152139,6.7,912
392,tt0152509,6.2,244
393,tt0152720,6.6,167
394,tt0984122,6.9,348
395,tt0152836,6.7,4874
396,tt0155975,4.6,45127
397,tt9109976,6.3,1941
398,tt0156729,7.1,9204
399,tt1294688,6.6,46303
400,tt7433980,6.8,126
401,tt0159401,6.6,1001
402,tt7448180,5.7,4770
403,tt0160127,5.5,173640
404,tt5033998,4.7,49824
405,tt0160534,5.6,159
406,tt1013753,7.5,162475
407,tt0161988,4.6,155
408,tt0486655,7.6,250243
409,tt0162709,6,539
410,tt1745787,7,10079
411,tt3953186,4.5,381
412,tt0164550,5.5,6863
413,tt0165384,6.3,1267
414,tt0165454,5.6,1110
415,tt3687398,4.7,4972
416,tt0165895,5.3,403
417,tt1621426,6.5,1313
418,tt3667792,5.1,1827
419,tt0166120,6.3,137
420,tt0167190,6.8,302680
421,tt2274648,5.2,74561
422,tt0169547,8.3,1049009
423,tt0172156,6.6,227621
424,tt0172234,5.6,2560
425,tt0174308,7.3,349
426,tt2315582,6.2,9251
427,tt0175880,8,284687
428,tt0178737,7.1,21546
429,tt0180897,4.7,235
430,tt0184907,5.1,11354
431,tt0185335,6.6,1075
432,tt0186566,6.4,72407
433,tt0187150,4.4,254
434,tt2344678,1.7,7736
435,tt0189492,6.9,1737
436,tt0189744,6.2,1435
437,tt2667960,5.4,5067
438,tt0190346,5.8,960
439,tt0195714,6.7,224856
440,tt0199129,5.9,237
441,tt3567288,6.2,110611
442,tt0202458,2.4,147
443,tt0206921,6.2,4816
444,tt0208903,6.4,1172
445,tt0210302,6.8,2136
446,tt0327761,6.1,847
447,tt5795086,5.4,4388
448,tt0211946,7.3,13205
449,tt0215911,8.6,1434
450,tt0216196,4.4,704
451,tt3616724,6.1,152
452,tt0217680,6.5,1579
453,tt0219822,6.4,17190
454,tt0220597,5.3,728
455,tt0221027,7.6,236562
456,tt0222270,6.2,6702
457,tt0227194,5.4,4693
458,tt0227445,6.8,119173
459,tt0227538,5.5,106395
460,tt0232295,6.9,807
461,tt0233856,4.8,3709
462,tt0282554,7.4,386
463,tt0237395,6.4,110
464,tt0238380,7.4,308150
465,tt0242193,6.9,34049
466,tt5741008,5.4,180
467,tt0243585,5.5,49301
468,tt0244585,7.6,1530
469,tt0244949,7.8,181
470,tt1202514,6.6,2924
471,tt3313054,3.2,798
472,tt0245294,6.1,644
473,tt4975722,7.4,263568
474,tt0245825,4.7,2821
475,tt0246070,6.8,261
476,tt5735464,6.6,1906
477,tt0246456,7.3,428
478,tt0248012,6.1,3738
479,tt0248110,4.5,540
480,tt2400463,6.6,88626
481,tt0248428,8.1,3133
482,tt0831816,4,318
483,tt1260396,6.9,478
484,tt0249371,6.5,13047
485,tt0249462,7.7,124065
486,tt0250483,5.9,1901
487,tt0250690,5.4,1809
488,tt0251075,6.1,118060
489,tt0251179,4.4,186
490,tt0254284,5,203
491,tt0255212,5.6,1736
492,tt0255653,6.7,4156
493,tt0258000,6.8,253016
494,tt0258490,7.9,3845
495,tt0348656,4.4,1520
496,tt0259324,5.2,219971
497,tt0262828,2.5,167
498,tt0263747,6.9,212
499,tt3707104,5.9,15038
500,tt0265298,5.4,34583
501,tt0265341,7.2,158
502,tt2935516,6.6,268
503,tt6890618,5.8,497
504,tt0267548,6.2,2781
505,tt0268695,6,117239
506,tt0270059,6,107
507,tt4818930,7.2,1598
508,tt0271595,7.8,1247
509,tt0277986,3.5,985
510,tt0280590,5.8,133994
511,tt0280707,7.2,78935
512,tt0283623,6.8,833
513,tt4213806,5.9,2745
514,tt0284479,4.6,432
515,tt0286702,4.3,706
516,tt7471004,6.8,1916
517,tt0286907,5.2,106
518,tt0286936,5.4,386
519,tt0287065,4.6,130
520,tt1639426,8.2,41595
521,tt0288520,5.1,290
522,tt0289589,5.3,512
523,tt0290183,5.4,815
524,tt0416712,4.4,670
525,tt0292490,8.1,65502
526,tt0294594,5.6,7506
527,tt0295178,6.2,192760
528,tt0296574,8,14275
529,tt1942831,7.7,1066
530,tt0297080,4,117
531,tt5081606,5.9,877
532,tt0297241,5.3,1859
533,tt0298856,7,6224
534,tt1957898,5.8,214
535,tt0298911,6.9,424
536,tt1411704,5.4,30778
537,tt0301231,7.3,156
538,tt3227034,7.2,208
539,tt0303816,5.7,73040
540,tt3832096,3.7,8889
541,tt0304415,6.5,76236
542,tt0305455,6.4,683
543,tt0309593,6.2,149294
544,tt0310596,4.9,139
545,tt0490075,5.1,316
546,tt1564368,4.7,1697
547,tt0314006,5.6,1526
548,tt0315642,7.1,16992
549,tt0317248,8.6,685856
550,tt1854518,7.1,546
551,tt0319531,5.8,8239
552,tt0319736,8.1,14401
553,tt0319821,7.1,271
554,tt7594584,5,1621
555,tt0320116,6.9,236
556,tt3569788,6.5,919
557,tt0323013,7.9,20167
558,tt0323120,6.3,11733
559,tt0323633,6.8,2616
560,tt0324242,6.2,3317
561,tt0325055,6.3,10217
562,tt0326745,4.4,188
563,tt0327056,7.9,411389
564,tt0328998,5.3,1600
565,tt0330082,2.3,1318
566,tt0331370,7.1,5338
567,tt0332167,4.5,115
568,tt5143890,4,896
569,tt0335438,6.1,136822
570,tt0337611,5.6,2666
571,tt4535650,5.2,30755
572,tt0337909,6.9,22838
573,tt4897908,4.2,812
574,tt0337971,6.6,2501
575,tt0337972,3.4,104
576,tt0338490,7.8,2205
577,tt0341266,6.5,3290
578,tt0342012,7.7,1584
579,tt0472033,7.1,131029
580,tt0346723,6.6,14220
581,tt0347278,7.2,1903
582,tt0347473,7,31521
583,tt0347909,7.1,525
584,tt0348150,6,268239
585,tt0348333,6.8,87658
586,tt0348662,4.2,807
587,tt0348836,5.8,104744
588,tt0349260,6,2519
589,tt0349333,6.3,3001
590,tt0349825,7.5,46846
591,tt3012818,5.8,117
592,tt0349903,6.5,351814
593,tt0352314,7.6,6580
594,tt0356470,5.9,79453
595,tt0356618,5.8,63333
596,tt2145909,5.3,589
597,tt0357009,4.7,157
598,tt1922685,5.9,13390
599,tt3088580,7.4,1167
600,tt3469244,5.9,8354
601,tt0357213,7.2,199
602,tt2385227,6.3,271
603,tt0359024,4.9,435
604,tt0362478,5.6,87997
605,tt0928188,4.7,443
606,tt0359658,4.7,153
607,tt0362138,4.8,109
608,tt0362771,6,3798
609,tt0363472,4.3,2286
610,tt0366616,6.9,177
611,tt2094854,6.1,2434
612,tt0367122,2.9,561
613,tt8512320,4,359
614,tt0368975,5.4,15180
615,tt0373856,7.8,15333
616,tt0375611,8.2,32884
617,tt0429683,6.4,395
618,tt0990359,5.1,335
619,tt4008758,7.1,3839
620,tt0375733,6.5,134
621,tt0376827,5.7,1055
622,tt2585562,8,6668
623,tt3794302,6.2,1003
624,tt0381061,8,569968
625,tt0381940,6.1,18575
626,tt0409793,5,1036
627,tt1507261,5.1,462
628,tt3860916,6.3,34590
629,tt5492502,6.4,353
630,tt0382188,5.2,244
631,tt0382383,7.4,8381
632,tt8824852,5.3,185
633,tt0383060,4.4,18613
634,tt3763866,6.1,2580
635,tt0383975,7,1959
636,tt0385880,6.6,97611
637,tt0386846,1.9,230
638,tt0388183,4.4,3569
639,tt0388952,6.4,146
640,tt0389790,6.1,138462
641,tt0393162,7.3,123840
642,tt0396659,7.7,1917
643,tt0397436,2.8,155
644,tt0441627,3.6,447
645,tt7089978,3.1,102
646,tt8914492,7.1,5686
647,tt0397537,5.6,472
648,tt2322517,5.2,4279
649,tt0398029,4.5,2465
650,tt0399201,6.8,297368
651,tt1737256,5,739
652,tt0401729,6.6,251828
653,tt0401792,8,733158
654,tt0402022,5.5,122927
655,tt0405508,8.2,109037
656,tt0408976,5.1,932
657,tt0409182,5.7,96734
658,tt0409527,5.1,1317
659,tt0411469,7.9,4580
660,tt0413300,6.2,489497
661,tt0414982,5.8,128313
662,tt0415141,5.2,5448
663,tt0415778,5.1,5097
664,tt1355260,1.9,298
665,tt0415908,4.6,4787
666,tt0416508,7.1,57292
667,tt0417096,4.4,415
668,tt3170832,8.1,357159
669,tt0417241,7.1,1431
670,tt6616800,6.3,2107
671,tt9760934,5,117
672,tt9820352,5.7,649
673,tt0418362,6.7,13339
674,tt0418460,6.6,9394
675,tt0418773,6.9,21964
676,tt0419058,6.9,16767
677,tt0419692,4.3,203
678,tt1433811,7.5,72330
679,tt0419706,5.2,105058
680,tt0419984,5.1,34735
681,tt0422236,5.5,2343
682,tt0422907,5.3,124
683,tt0425601,7.2,11952
684,tt0432047,7.6,15466
685,tt7715202,6.8,12121
686,tt0433035,7.1,293214
687,tt0435670,6.2,34451
688,tt4660248,5.3,122
689,tt6596630,6,617
690,tt0435705,6.2,146484
691,tt0438488,6.5,339181
692,tt0438875,4.6,1236
693,tt0440803,7.1,40129
694,tt2522328,7.7,994
695,tt0443272,7.3,240462
696,tt0443706,7.7,443791
697,tt0445922,7.3,105047
698,tt0446029,7.5,368833
699,tt0446059,7.6,72054
700,tt0448267,6.6,3033
701,tt0449306,4.7,3161
702,tt0449393,2.6,1794
703,tt1548635,3.5,1808
704,tt2083332,6.3,334
705,tt4667854,5.3,5719
706,tt0451108,6.2,325
707,tt6022174,3.8,304
708,tt0451631,7.4,4104
709,tt0451803,5.5,4475
710,tt0451833,6.6,10454
711,tt0451850,6.5,12304
712,tt0452637,5.5,93773
713,tt0453533,5,7597
714,tt0453729,8.1,15643
715,tt0456481,6,7855
716,tt0456500,6.1,3167
717,tt0457433,5.7,44367
718,tt0457802,7.5,1789
719,tt0458176,6,230
720,tt10468636,6.8,1288
721,tt0459327,7.6,839
722,tt0460943,3.7,108
723,tt0461209,5.7,570
724,tt0462200,6.9,60390
725,tt0464160,6.8,8142
726,tt0465434,3.3,187
727,tt0465502,6,22094
728,tt0468458,6,125
729,tt0469641,5.9,76697
730,tt0470752,7.7,462655
731,tt0470883,7.4,29619
732,tt0471011,3,773
733,tt3605418,4.9,76762
734,tt0472160,6.7,59385
735,tt0473367,7.5,25051
736,tt0473658,7.3,1534
737,tt0476848,6.7,985
738,tt0478087,6.8,225698
739,tt0480572,6.7,2958
740,tt0488798,6.9,17711
741,tt0490076,5.5,30988
742,tt0492896,7.1,1671
743,tt0493395,6.1,446
744,tt10253466,5.5,1693
745,tt0495034,7.4,14768
746,tt0496223,5.5,199
747,tt9794630,5.6,810
748,tt0496806,6.9,315076
749,tt0497335,6.3,542
750,tt0758742,7.7,28190
751,tt0762125,6,49915
752,tt0790636,8,430111
753,tt0795351,6.2,76542
754,tt0795461,3.5,64419
755,tt0800116,4,268
756,tt1592525,6.1,93443
757,tt0800325,7,37295
758,tt0800981,5.3,589
759,tt0805184,6.4,10532
760,tt0808306,6.1,2265
761,tt0810819,7.1,159718
762,tt0810922,6.3,50726
763,tt0811066,7.1,9212
764,tt0814209,6.8,110
765,tt0819810,6.5,1468
766,tt0830515,6.6,397640
767,tt0831840,7,1408
768,tt0834952,5.1,150
769,tt0942384,7.6,20714
770,tt2254131,4.8,472
771,tt3136112,6.5,4322
772,tt6249434,5.7,299
773,tt0835802,5.4,1255
774,tt0843327,4.3,284
775,tt2571140,5.1,10090
776,tt3667436,5.8,354
777,tt0844993,4.7,11962
778,tt0845448,7.3,12726
779,tt0845527,3.8,498
780,tt3405236,6.8,39332
781,tt0845554,6.6,120
782,tt0858479,6.1,22251
783,tt0863091,7.2,300
784,tt0878695,5.8,10500
785,tt0886539,7.1,9366
786,tt0889136,6.9,633
787,tt5843850,5,2842
788,tt0893534,6.1,403
789,tt8512746,4.8,493
790,tt0925081,5,1081
791,tt5543690,5.9,135
792,tt0936466,2.9,114
793,tt0946999,6.3,541
794,tt0953306,6.7,842
795,tt1757671,6.3,605
796,tt0959337,7.3,192030
797,tt0964516,6.9,11485
798,tt0964586,6.9,3200
799,tt1095427,6.8,970
800,tt6043142,7,11337
801,tt0970452,6.1,68339
802,tt0974005,3.1,412
803,tt3481634,5.2,8022
804,tt0979891,4.2,432
805,tt8116612,5.8,494
806,tt0979917,5.8,452
807,tt0984056,7.1,201
808,tt0988047,7,54967
809,tt0990433,6.4,118
810,tt0995031,7.3,21128
811,tt10023024,5,6292
812,tt1002563,5.6,3104
813,tt10039468,6.6,305
814,tt10048556,3.4,216
815,tt10061256,4.5,234
816,tt10062614,5.5,3442
817,tt1006907,3.9,261
818,tt1007029,6.4,101272
819,tt10076106,4.8,507
820,tt10076722,5.1,156
821,tt10081202,7.3,288
822,tt1010020,5.6,147
823,tt8851668,6,18121
824,tt10108544,5.6,453
825,tt10121762,7.2,637
826,tt1014693,6.8,489
827,tt7624934,5.5,1265
828,tt1017451,6.5,45724
829,tt6168914,6.4,164
830,tt10183816,5.2,12402
831,tt10187680,6.6,2124
832,tt1019452,7,130794
833,tt10207954,6.9,435
834,tt9011130,4.7,388
835,tt10228168,6.8,4150
836,tt10230404,4.3,4062
837,tt5516328,6.4,29630
838,tt10230422,5.9,3658
839,tt10230426,4.9,10943
840,tt10230436,7.6,777
841,tt10238788,2.6,401
842,tt6269658,4.8,604
843,tt1024255,6.1,48071
844,tt10243678,6.5,3828
845,tt1024943,6.7,37994
846,tt10276470,6.1,6534
847,tt1027820,5.6,4258
848,tt3970806,4.5,182
849,tt10290062,7,148
850,tt10300710,6.2,156
851,tt10305616,5.9,718
852,tt10324144,8.2,21343
853,tt10350626,5.2,21614
854,tt1037004,5.7,790
855,tt9664078,5.7,5917
856,tt10370116,8.6,1902
857,tt1038686,5.2,97780
858,tt1043787,4.5,363
859,tt1045655,3.9,9315
860,tt10508182,5.3,101
861,tt10508838,6.1,1975
862,tt10514532,2.8,130
863,tt2625810,5.8,18561
864,tt10515086,8.3,5587
865,tt10530392,5.6,704
866,tt1054588,7,16349
867,tt1060277,7,367611
868,tt10637682,5.9,118
869,tt10638296,6.3,227
870,tt10643918,6.1,153
871,tt10643938,6.9,371
872,tt10695638,5.7,459
873,tt1178657,6,680
874,tt1431326,6.1,2732
875,tt1849111,5.3,909
876,tt10714856,6.3,6272
877,tt1082075,6.2,609
878,tt1921070,5.5,4553
879,tt10845262,7.5,1591
880,tt1085507,6.7,5399
881,tt4995790,7.2,53171
882,tt10871460,5.5,323
883,tt10883506,7.6,2559
884,tt10896172,6.2,243
885,tt10914712,6.2,202
886,tt1092005,5.1,6828
887,tt1092634,6.4,9086
888,tt2072227,7.2,9493
889,tt10933680,5.7,1219
890,tt10937434,5.9,3796
891,tt10984818,6.4,235
892,tt10991188,4.6,1433
893,tt11010144,4.2,798
894,tt11060730,4.6,518
895,tt11066130,6.6,591
896,tt11156614,5.6,360
897,tt11163028,5.5,1288
898,tt1497876,2.6,146
899,tt11194492,6.3,236
900,tt11199356,6.6,1594
901,tt1120897,5,2294
902,tt1120985,7.4,180772
903,tt11230868,7.6,1656
904,tt1124037,6.9,49898
905,tt1124048,3,1267
906,tt11242242,5.4,460
907,tt1126591,6.4,76855
908,tt1129412,3.3,636
909,tt3118452,6,40924
910,tt1130080,6.4,62333
911,tt1130898,5.8,141
912,tt2123342,5.8,901
913,tt11316824,7.3,1020
914,tt1132606,3.7,688
915,tt1135084,6.2,57022
916,tt1135503,7,105146
917,tt1136608,7.9,630278
918,tt11385066,2.6,1035
919,tt11388406,5.9,12715
920,tt1145446,5.6,4267
921,tt11506054,7.9,898
922,tt11531530,6.9,1672
923,tt1156148,2.1,1186
924,tt1156516,7.2,1119
925,tt1708532,4.7,14701
926,tt1157601,3.7,343
927,tt1433089,3.2,265
928,tt7343574,5.8,318
929,tt11651604,8.5,466
930,tt5867226,3.9,929
931,tt11656172,2.9,1109
932,tt1170399,5.4,977
933,tt1172991,6.7,43078
934,tt1172996,5.4,296
935,tt8065796,7.4,791
936,tt1176453,4.5,161
937,tt11769162,3.9,405
938,tt1176961,4.2,494
939,tt11773276,5.4,1049
940,tt1179034,6.5,111044
941,tt1179904,6.3,217252
942,tt1180300,6,495
943,tt7027092,5.4,2145
944,tt1182345,7.9,329812
945,tt1183301,3.9,179
946,tt5525360,1.6,132
947,tt5571734,8.1,37673
948,tt1183917,4.1,1409
949,tt1186365,5,127
950,tt1186367,6.3,67257
951,tt1187043,8.4,332217
952,tt11912390,8.2,331
953,tt2372678,6.9,23046
954,tt1192628,7.2,231174
955,tt11953628,5.9,1163
956,tt1579806,5.2,256
957,tt1202517,6.8,1069
958,tt1205489,8.1,707142
959,tt1210042,6.7,60245
960,tt1212450,7.3,224295
961,tt1216496,7.8,48959
962,tt5707304,5.6,1398
963,tt9234450,6.6,856
964,tt1219289,7.4,519061
965,tt1220634,5.8,159831
966,tt1220719,8,208000
967,tt1221133,4.2,556
968,tt1221139,6.9,3017
969,tt1224366,6.1,4166
970,tt1225292,6.1,128
971,tt1591095,6.8,271766
972,tt1226274,6.1,106
973,tt1227524,7.1,1206
974,tt1230165,7.7,20534
975,tt1230448,6.2,10434
976,tt1233519,6.4,161
977,tt1235200,6.1,1230
978,tt2481496,5,4872
979,tt5710042,4.2,2900
980,tt12393526,6.6,7963
981,tt1241195,7.7,10466
982,tt1242530,4.6,2540
983,tt1242843,4.1,226
984,tt1243381,6.7,337
985,tt1243957,6,220037
986,tt1244093,2.8,1583
987,tt1245774,6.2,1185
988,tt1251757,6.8,36283
989,tt1252596,6.3,12278
990,tt12567088,7.3,11110
991,tt1261862,5.1,3981
992,tt1261945,4.5,72948
993,tt1266029,7.1,34586
994,tt1266583,7.7,5756
995,tt1272034,5,676
996,tt1274295,7.4,16297
997,tt1274717,4.3,132
998,tt1280558,8.1,72608
999,tt1284501,7,129
1000,tt1285016,7.7,608745
1001,tt1285228,5,205
1002,tt3222852,6.4,277
1003,tt1285241,7.1,48609
1004,tt1290138,5.9,5375
1005,tt1291465,7.1,16163
1006,tt1292703,7.7,15980
1007,tt1301698,6.4,2863
1008,tt1315981,7.6,104394
1009,tt1316064,5.8,242
1010,tt8983180,6.2,3253
1011,tt9351598,5.7,397
1012,tt1321869,4.6,3043
1013,tt1324059,7.6,27535
1014,tt1327035,8,28198
1015,tt1330525,6.8,1903
1016,tt1337032,7.4,6892
1017,tt1343080,6.3,186
1018,tt2251275,4.7,131
1019,tt1343740,4.5,515
1020,tt2442620,5.9,110
1021,tt4540434,4.6,3104
1022,tt7949046,3.9,590
1023,tt1345777,7.3,9789
1024,tt1350546,3.6,100
1025,tt1351669,6.8,162
1026,tt1361318,5.5,15257
1027,tt1365050,7.7,71634
1028,tt1368116,6.7,9991
1029,tt1371111,7.4,340313
1030,tt1372266,5.4,271
1031,tt1373156,7,10270
1032,tt1375666,8.8,2002816
1033,tt1375789,5.3,14942
1034,tt1382687,6.5,228
1035,tt1386691,6.2,10968
1036,tt1386932,7.5,95542
1037,tt1391544,5.6,686
1038,tt1392744,4.7,2703
1039,tt1395054,7.4,16104
1040,tt1396208,4.2,5501
1041,tt1396523,5.3,3687
1042,tt1401621,6.6,764
1043,tt1403241,5.3,8016
1044,tt1403981,7.1,135572
1045,tt4843358,5,104
1046,tt4999290,5.5,211
1047,tt1415252,2.9,594
1048,tt1417075,7.3,9878
1049,tt1422101,6.1,384
1050,tt1425253,5.4,2498
1051,tt2386295,3.8,317
1052,tt1428459,5.6,2833
1053,tt1433810,7,12249
1054,tt1438298,7.4,16914
1055,tt1439558,6.2,492
1056,tt1442583,5.7,391
1057,tt1454029,8,419566
1058,tt1455816,4.2,1870
1059,tt1456635,6.8,82966
1060,tt1462900,6.6,30815
1061,tt1464763,5.4,29623
1062,tt1465496,4.8,472
1063,tt1920849,5.3,44743
1064,tt5260026,4.7,193
1065,tt5978822,6,478
1066,tt1472460,5.6,675
1067,tt1479667,5,368
1068,tt1483386,7.1,739
1069,tt1488606,6.4,101968
1070,tt1490602,6.7,1211
1071,tt1492728,2,106
1072,tt6854672,6,3461
1073,tt1492849,5.2,535
1074,tt7981260,3.4,883
1075,tt1492872,4.2,215
1076,tt1497617,3.4,373
1077,tt1629295,6.9,872
1078,tt1500819,5.8,123
1079,tt6237224,4.3,737
1080,tt1507571,5.8,2119
1081,tt1512220,5.3,339
1082,tt1517228,2.5,181
1083,tt1519661,6.7,580
1084,tt1921179,5.7,533
1085,tt5288552,6.3,403
1086,tt6527426,5.5,22885
1087,tt1521846,6.7,2259
1088,tt1524575,4.8,14193
1089,tt1528071,6.5,75837
1090,tt1535467,5.6,8555
1091,tt1545759,6.8,13310
1092,tt1547230,4.3,2904
1093,tt1551641,6,755
1094,tt1552211,3.6,8182
1095,tt1553659,6.7,2488
1096,tt1560747,7.2,150274
1097,tt1562872,8.1,65749
1098,tt1563738,7,135709
1099,tt6168298,7.7,1943
1100,tt1564585,4.4,85700
1101,tt1564777,5.4,13149
1102,tt1568911,7.2,144320
1103,tt1572311,2.5,11120
1104,tt1578261,5.2,3865
1105,tt1585558,6.7,868
1106,tt1729637,4.6,21700
1107,tt2100411,5.1,357
1108,tt5460508,6.1,3127
1109,tt1588878,5.2,7654
1110,tt1591479,6.5,65794
1111,tt1596346,7,44808
1112,tt1596723,3.5,307
1113,tt1596745,3,214
1114,tt1773753,5.1,6171
1115,tt1608777,7.1,5146
1116,tt1610525,6.5,5495
1117,tt1613750,7.2,44955
1118,tt1618432,4.4,1737
1119,tt1618434,6,94996
1120,tt1620680,4.2,39933
1121,tt1620933,8.2,32415
1122,tt1622547,6.1,92398
1123,tt1623288,7,91948
1124,tt1624426,6,745
1125,tt1625346,6.2,79125
1126,tt1629376,6.1,5385
1127,tt1633212,2.8,392
1128,tt1636842,5.6,113
1129,tt1639084,6.7,17296
1130,tt1640569,5.4,223
1131,tt5884784,5.9,11393
1132,tt1648186,6.9,4836
1133,tt1649419,7.6,192273
1134,tt1650060,5.9,904
1135,tt1655442,7.9,227320
1136,tt1655461,5.7,3292
1137,tt1659205,6.5,209
1138,tt1661820,6.1,10863
1139,tt1673697,7,13017
1140,tt1680140,5.2,1049
1141,tt1682186,6.2,1683
1142,tt5147214,6.3,12504
1143,tt1682886,5.4,827
1144,tt1694542,6.8,13007
1145,tt1702425,5.5,20039
1146,tt1703957,6.6,17408
1147,tt7722258,4.6,1011
1148,tt1703958,5.7,6304
1149,tt1706317,3.9,2137
1150,tt1706620,7.1,307353
1151,tt1707386,7.6,302721
1152,tt1712192,6.4,11778
1153,tt1714206,7.1,142070
1154,tt1714832,7.6,4907
1155,tt1720254,4.7,5138
1156,tt1723123,3.1,355
1157,tt1724970,5.3,17774
1158,tt1728973,4.2,1642
1159,tt1730705,4.7,107
1160,tt1734110,7.2,10748
1161,tt1742044,6.8,32397
1162,tt1754471,5.9,178
1163,tt1754578,6,132
1164,tt1772240,5.2,53257
1165,tt1774591,5.8,4949
1166,tt1779826,6.8,717
1167,tt7252000,7.4,1252
1168,tt1783350,6.8,387
1169,tt1784589,4.1,3919
1170,tt1784600,4.9,680
1171,tt4902716,5,4177
1172,tt1785288,5.4,1594
1173,tt1785333,7.3,1461
1174,tt1787988,7.2,38582
1175,tt1790834,6.3,4112
1176,tt1799516,6.3,3595
1177,tt1805263,8,3511
1178,tt1809398,7.2,142962
1179,tt1814644,5.5,205
1180,tt1821480,8.1,56468
1181,tt1821641,6.5,17111
1182,tt1821700,7.9,29323
1183,tt1823059,5.7,3742
1184,tt1825683,7.3,597058
1185,tt1836912,7.2,7859
1186,tt1837636,5.7,9827
1187,tt1838722,5.6,8558
1188,tt2762738,4.5,629
1189,tt1841542,7.4,6912
1190,tt1841642,5.3,13226
1191,tt1848771,6.2,4920
1192,tt1853728,8.4,1317856
1193,tt1856057,6.6,1351
1194,tt1859607,5.3,1106
1195,tt1860353,6.4,81691
1196,tt1862079,7,116943
1197,tt1870425,4.4,7941
1198,tt1878841,4.4,14464
1199,tt1880399,6.8,10904
1200,tt1884457,5,3841
1201,tt1890513,4.9,2402
1202,tt1891884,4.6,6507
1203,tt1899240,7.3,870
1204,tt1911553,6.6,15954
1205,tt1911644,6.7,110304
1206,tt1925421,7.3,12741
1207,tt1926313,7.7,19503
1208,tt1934231,7.6,26919
1209,tt1935179,7.4,164768
1210,tt1935302,4.3,9901
1211,tt1941684,4.6,324
1212,tt1948150,6.8,13927
1213,tt1949548,5.1,3955
1214,tt1954886,4,114
1215,tt2005367,5.4,116
1216,tt4942478,3.3,387
1217,tt6118340,4.4,2431
1218,tt1956697,5.9,2256
1219,tt1961175,6.2,67929
1220,tt1966385,5.5,1825
1221,tt1971325,6.1,53583
1222,tt8339704,4.3,314
1223,tt1979169,7.1,188
1224,tt1984194,7.2,281
1225,tt1986202,4.3,8838
1226,tt1999995,5.7,36190
1227,tt2002718,5.6,73365
1228,tt2016940,6.1,34892
1229,tt2018069,5.3,6333
1230,tt2041385,6.3,668
1231,tt2711256,5.3,174
1232,tt2043933,6,14417
1233,tt2044729,4.8,4946
1234,tt2051850,4.9,644
1235,tt2053397,6.4,261
1236,tt2057445,6.3,271
1237,tt2077833,5.7,20088
1238,tt2080374,7.2,150529
1239,tt2082197,8.1,74062
1240,tt2086806,3.1,136
1241,tt2100376,4.6,802
1242,tt2106651,6.3,50288
1243,tt2106749,2.7,378
1244,tt4287350,3.6,108
1245,tt2112124,6,47846
1246,tt2114504,4.1,3369
1247,tt2115295,6.3,10294
1248,tt2122340,6.4,4928
1249,tt2130033,6.4,107
1250,tt2130242,5.8,3974
1251,tt2140373,7.5,149140
1252,tt2141773,5.4,4672
1253,tt2142883,5.1,4948
1254,tt2170427,6.1,9123
1255,tt2172584,6.2,37314
1256,tt2172934,6.2,85826
1257,tt2181282,6.4,1200
1258,tt2183034,5.8,18148
1259,tt2186933,6.6,3571
1260,tt2189714,4.8,206
1261,tt7390588,6.3,11519
1262,tt2193191,4.2,412
1263,tt2375844,2.4,291
1264,tt4332232,6.4,49164
1265,tt8297300,5.6,760
1266,tt2198109,6.1,129
1267,tt2209764,6.3,213720
1268,tt2210657,6.5,204
1269,tt2980794,7.6,25849
1270,tt4594050,6,128
1271,tt2210809,5.3,701
1272,tt2637378,6.7,2071
1273,tt2215163,4.5,428
1274,tt2218003,6.2,21351
1275,tt2229301,6.8,295
1276,tt2229848,5.4,4847
1277,tt2241475,4.7,516
1278,tt2244376,7,200
1279,tt2245195,7.2,2113
1280,tt2246724,5.8,4649
1281,tt2255934,4.4,1660
1282,tt2261331,6.4,34144
1283,tt2261700,5.8,359
1284,tt2262126,6.9,1043
1285,tt2262315,6.3,15467
1286,tt2271641,6.1,1716
1287,tt2275471,5.2,1931
1288,tt2275743,4.6,2310
1289,tt2275802,5.9,4817
1290,tt2277308,4,158
1291,tt2287851,4.7,252
1292,tt2292196,5,475
1293,tt2296697,5.7,4967
1294,tt2302945,7.2,221
1295,tt2316411,6.9,162040
1296,tt2327389,5.4,243
1297,tt2331047,6.2,14927
1298,tt2334873,7.3,189028
1299,tt2337841,5.3,4942
1300,tt2338151,8.1,157179
1301,tt2338454,5.5,16729
1302,tt2340650,7.1,2843
1303,tt2343621,6.9,783
1304,tt2343847,7,393
1305,tt2345561,7,1785
1306,tt2345737,6.4,43851
1307,tt2347289,4.1,352
1308,tt2347569,7.5,71244
1309,tt2349144,6.4,20077
1310,tt2349212,4.5,172
1311,tt3922816,6.6,4509
1312,tt2359024,7.1,64961
1313,tt2361022,2.4,324
1314,tt2361746,6.4,3443
1315,tt2362778,6.8,3716
1316,tt2367996,4.9,965
1317,tt2370248,8,79731
1318,tt2378281,7.5,28597
1319,tt2378776,6.1,585
1320,tt3064298,6.8,47895
1321,tt2380564,5.9,2354
1322,tt2381931,4.5,2829
1323,tt2386404,6.4,17069
1324,tt2387495,7.1,362
1325,tt2389344,6.3,286
1326,tt2392447,5.7,3480
1327,tt2396369,5.3,149
1328,tt2396589,7.4,40622
1329,tt2401097,5.6,18264
1330,tt2401719,5.8,336
1331,tt2402927,7.2,111852
1332,tt2403021,5.3,37576
1333,tt2404027,6.8,1366
1334,tt2407826,3.7,222
1335,tt2408040,6.4,3486
1336,tt2417712,5.8,11821
1337,tt2424988,7.1,22203
1338,tt2437954,5.7,2134
1339,tt2443822,5.5,4525
1340,tt3882082,6,77485
1341,tt2445568,5,1021
1342,tt2452200,6.4,25847
1343,tt2476154,4.3,5667
1344,tt2479478,4.8,42889
1345,tt2486678,7.1,18392
1346,tt2493486,6.2,38545
1347,tt2510874,3.4,1754
1348,tt2531168,5.3,729
1349,tt6096308,5.2,829
1350,tt2548096,6.5,145
1351,tt2548396,5.5,92693
1352,tt2552296,7.4,908
1353,tt2557256,4.8,3283
1354,tt2562286,3.3,141
1355,tt4835940,6.8,1129
1356,tt2566644,7,1146
1357,tt2573372,4.6,650
1358,tt2582498,6.2,8180
1359,tt2582782,7.6,198293
1360,tt2589132,7.6,1783
1361,tt2590214,5.3,247
1362,tt2590280,6,159
1363,tt2608324,5.5,1270
1364,tt2609218,3.9,2642
1365,tt2614722,6.6,1167
1366,tt2630076,4.7,378
1367,tt2633598,3.6,382
1368,tt2649128,6.5,6532
1369,tt5833302,7.3,713
1370,tt2650548,6.9,465
1371,tt2651158,7.8,113
1372,tt5569310,8.6,556
1373,tt2652118,6.1,17307
1374,tt2667380,5.7,12864
1375,tt2675978,7.1,6797
1376,tt2677816,4.4,430
1377,tt2692904,7.1,132041
1378,tt2693580,6.6,5076
1379,tt2699840,5.6,801
1380,tt2707810,5.6,1082
1381,tt4824256,5.1,647
1382,tt2708550,6.8,436
1383,tt2709716,3.4,127
1384,tt2718440,6.1,8372
1385,tt2720680,6.7,35384
1386,tt2723176,4.5,910
1387,tt2724532,5.8,3896
1388,tt2737304,6.6,266866
1389,tt2739338,6.2,1736
1390,tt2752772,5.3,46909
1391,tt2756032,7.1,34444
1392,tt2758890,5.4,3460
1393,tt7275232,1.6,599
1394,tt2758904,5.6,6866
1395,tt2769454,6.9,392
1396,tt2776344,7.3,4583
1397,tt2784936,5.9,11432
1398,tt3121860,4.2,1136
1399,tt2797242,6.7,4911
1400,tt2798620,5.8,105
1401,tt2803424,6.1,131
1402,tt2805974,6.2,370
1403,tt2806788,6.9,10240
1404,tt2816740,6.7,324
1405,tt2823574,4.9,1102
1406,tt4382872,4.1,9831
1407,tt2827320,8.3,1849
1408,tt2854394,3.4,3473
1409,tt2855648,7.7,22483
1410,tt2870708,6.7,36179
1411,tt2878406,7.3,306
1412,tt2882328,8,19577
1413,tt2884144,5.6,403
1414,tt2888046,7.1,47190
1415,tt2893780,5.3,1261
1416,tt2900624,5,5620
1417,tt2901006,5.2,271
1418,tt2909396,2.9,205
1419,tt2910814,6.1,61589
1420,tt2912578,6.5,1663
1421,tt2918606,5.4,5263
1422,tt2923316,5,16151
1423,tt2936390,5.2,1773
1424,tt2937366,5.7,18191
1425,tt2939898,5.6,168
1426,tt2944198,6,18175
1427,tt2950418,7.3,4263
1428,tt2951576,4.2,710
1429,tt2965820,4.4,358
1430,tt2967226,4.4,2284
1431,tt2984648,6.3,202
1432,tt2989350,6.4,1316
1433,tt2989524,6.6,7567
1434,tt2994190,6.9,38766
1435,tt2996710,5.2,175
1436,tt2998526,3.5,650
1437,tt3001638,6.8,9695
1438,tt3007512,7,70359
1439,tt3008034,7.3,592
1440,tt3016748,3.5,2300
1441,tt3021806,7.1,277
1442,tt3032060,5.6,612
1443,tt3033080,3.1,1142
1444,tt3201640,5.8,44573
1445,tt3044882,3.2,1161
1446,tt3053228,3.4,8316
1447,tt3056386,3.5,324
1448,tt3070936,7,2610
1449,tt3074952,4.1,1230
1450,tt3077214,6.9,37288
1451,tt3090670,6.2,4552
1452,tt3105662,4.8,691
1453,tt3111426,6.1,14327
1454,tt3116054,4.8,172
1455,tt3129282,5.5,898
1456,tt3132450,4.4,223
1457,tt3137630,6.3,17957
1458,tt3138782,7.7,10057
1459,tt3148502,7.3,22648
1460,tt3155342,6.5,1221
1461,tt3159818,5.9,629
1462,tt3173910,6.8,13267
1463,tt3175888,7,2157
1464,tt3177332,4.3,1592
1465,tt3183402,5.8,1235
1466,tt3194622,5.9,825
1467,tt3202120,6.1,2500
1468,tt3202200,4.8,559
1469,tt3202940,4.4,252
1470,tt3205376,6.9,41803
1471,tt3208026,6.8,9413
1472,tt3211048,7.1,121
1473,tt3212670,5.7,410
1474,tt5536610,7.2,14608
1475,tt3224258,4.5,465
1476,tt3224288,7,1881
1477,tt3245848,6.5,175
1478,tt3246874,7.1,1469
1479,tt3248148,8,105
1480,tt3253940,7.8,102
1481,tt3255590,5.7,6997
1482,tt3257168,6.5,435
1483,tt3257794,6.3,478
1484,tt3264438,6.4,139
1485,tt3266284,5.3,7865
1486,tt3266724,2.5,2343
1487,tt3275216,5.8,2526
1488,tt3283864,6.3,1753
1489,tt3289728,6.1,26855
1490,tt3292080,6.3,475
1491,tt3297330,6.4,22268
1492,tt3303652,5.8,215
1493,tt3317208,6.1,4243
1494,tt3317234,5.4,25187
1495,tt3322420,8.2,59478
1496,tt6774420,7.1,1252
1497,tt3328442,5.4,2130
1498,tt5009286,5.4,979
1499,tt3331028,6.7,3910
1500,tt3334374,7.7,1170
1501,tt3337550,7.6,4360
1502,tt3341582,7.9,1398
1503,tt3348102,6.5,4403
1504,tt3352034,4.6,709
1505,tt3357416,5.1,172
1506,tt3359290,5.5,1982
1507,tt3368222,7,2611
1508,tt3368378,7.6,100
1509,tt3390572,8.1,49395
1510,tt3394510,5.9,818
1511,tt5162476,4.2,146
1512,tt3396114,5.9,812
1513,tt3398066,4.3,1472
1514,tt3398808,5.5,500
1515,tt3415692,5.4,427
1516,tt3417422,8.3,29766
1517,tt4430212,8.2,66043
1518,tt3422462,4.6,1086
1519,tt3424690,4.8,3531
1520,tt3442006,6.4,34806
1521,tt7715988,7.7,973
1522,tt3442726,5.4,134
1523,tt3442990,5.8,7713
1524,tt3454828,7.6,622
1525,tt3458510,5.1,6037
1526,tt3460252,7.8,499070
1527,tt3464902,7.2,210179
1528,tt3479858,6.9,697
1529,tt3483712,6.1,3846
1530,tt3487278,6.5,185
1531,tt3496790,5,1015
1532,tt3501112,5.7,15386
1533,tt3501632,7.9,564511
1534,tt3509978,4.2,370
1535,tt3515318,4,200
1536,tt3517870,6.8,3910
1537,tt3521126,7.4,133498
1538,tt3524410,3.8,250
1539,tt3526408,5.6,1507
1540,tt3528284,7.1,477
1541,tt3534282,5.4,4779
1542,tt3534294,5.9,636
1543,tt3544218,6.7,4060
1544,tt3552892,3.8,1966
1545,tt3563156,5,3860
1546,tt3574352,4.7,180
1547,tt5912454,7.3,13253
1548,tt3577616,5.7,122
1549,tt3592750,5.2,700
1550,tt3598648,5.5,1412
1551,tt3599642,4.6,445
1552,tt3603808,4.7,5188
1553,tt3607198,8.5,1830
1554,tt3614516,8,9690
1555,tt3625516,3.7,801
1556,tt3633032,6.8,117
1557,tt3647498,6.4,58159
1558,tt3650534,3.5,327
1559,tt3654796,6.4,17701
1560,tt3671086,3.6,3601
1561,tt3671542,7.4,10268
1562,tt3672120,5.3,3475
1563,tt3678938,6,10870
1564,tt3685236,5.2,15123
1565,tt7942936,4.9,1265
1566,tt3704050,7.5,21969
1567,tt3704298,5.5,1839
1568,tt3704700,6.6,16612
1569,tt3707106,5.3,18130
1570,tt3713030,5.6,4849
1571,tt3713166,5.5,66829
1572,tt3720636,6.3,362
1573,tt3721936,7,36892
1574,tt3722062,5,6999
1575,tt3722614,5.2,8034
1576,tt3724898,2.8,666
1577,tt3732110,6.7,632
1578,tt3748440,5.8,14557
1579,tt3754662,2.8,230
1580,tt3764686,6.1,282
1581,tt3772640,7.2,877
1582,tt3774114,7.3,132119
1583,tt3776484,6.2,372
1584,tt3778644,6.9,278319
1585,tt3787590,6.2,35191
1586,tt3799232,6,61297
1587,tt3799372,5.6,11295
1588,tt3813310,6.3,29646
1589,tt3824412,5.4,6394
1590,tt3828220,4.1,168
1591,tt3829378,5.8,4939
1592,tt3833682,5.2,736
1593,tt3835612,4.2,105
1594,tt3842614,4.3,817
1595,tt3848888,5,2779
1596,tt3852042,5.7,377
1597,tt3853830,5.9,753
1598,tt3859980,5.7,10301
1599,tt3860092,7.1,269
1600,tt3863484,7,2915
1601,tt3879074,4.3,766
1602,tt3891538,5.2,1939
1603,tt3900196,6.8,270
1604,tt3912040,4.6,361
1605,tt3923662,5.3,8663
1606,tt3949626,6.2,401
1607,tt3960240,5.8,3519
1608,tt3962984,6.6,878
1609,tt3967856,7.3,99322
1610,tt3986820,6.5,30725
1611,tt3993886,5.8,2598
1612,tt4003066,4.5,3707
1613,tt4005402,7.1,46497
1614,tt4025514,7.4,17317
1615,tt4030600,4.2,21049
1616,tt4045666,5.8,318
1617,tt4048668,6,3970
1618,tt4052050,5.2,6558
1619,tt4061876,6.8,265
1620,tt4062536,7,103876
1621,tt4074364,5.8,3511
1622,tt4083622,7.1,131
1623,tt4088588,7.9,3510
1624,tt4094916,4.9,106
1625,tt4096750,3.6,459
1626,tt4110568,6.9,14416
1627,tt4129428,6.5,8794
1628,tt4129870,5.7,9079
1629,tt4131240,5.8,644
1630,tt4146622,4.8,2702
1631,tt4154756,8.4,796486
1632,tt4156972,6.2,2644
1633,tt4157510,6.7,478
1634,tt4158096,6.4,40651
1635,tt4158876,6.8,9123
1636,tt4170436,7.5,952
1637,tt4177018,5.8,374
1638,tt4181052,5.8,20087
1639,tt4183910,4.1,339
1640,tt4187650,2.4,231
1641,tt4189494,5.5,2795
1642,tt4190220,6.4,392
1643,tt4196848,7.6,25015
1644,tt4202506,6.2,195
1645,tt4209788,7.4,133677
1646,tt4210080,6.4,6097
1647,tt4216902,6.2,3153
1648,tt4224754,5.5,615
1649,tt4229578,4.9,257
1650,tt4232066,7,691
1651,tt4247046,4.1,154
1652,tt6317962,5.5,2356
1653,tt4247144,5.5,1075
1654,tt4257940,6.1,2234
1655,tt4257950,4.2,556
1656,tt4261326,3.8,1480
1657,tt4276820,7.2,117466
1658,tt4280824,8.6,346
1659,tt4281724,5.6,13029
1660,tt4302956,5.7,5476
1661,tt4305148,6.3,4003
1662,tt4327752,5.6,2259
1663,tt4328934,7.5,1273
1664,tt4329242,5.8,1088
1665,tt4333674,7,5477
1666,tt4334266,5.3,25417
1667,tt4335954,5.5,239
1668,tt4338154,5.5,1645
1669,tt4354740,6.3,1995
1670,tt4355838,5.6,350
1671,tt4365566,4.7,3940
1672,tt4377918,7.1,704
1673,tt4377952,6.7,610
1674,tt4397342,6.2,1136
1675,tt4399590,4.8,1729
1676,tt4399594,5.4,4265
1677,tt4400994,6.3,5212
1678,tt4412528,6.1,1744
1679,tt4413338,5.4,1768
1680,tt4419364,5.1,9884
1681,tt4430136,7.3,13734
1682,tt4434004,7.8,26309
1683,tt4439102,4.2,1834
1684,tt4441422,4.6,1938
1685,tt4444798,4.9,600
1686,tt5047400,4.5,1102
1687,tt4444956,5.9,4587
1688,tt4446472,6.1,1701
1689,tt4460854,5.1,1005
1690,tt4467262,4.9,2694
1691,tt4486148,4.6,1011
1692,tt4489160,6.3,222
1693,tt4499228,5,1570
1694,tt4503598,5.4,13135
1695,tt4513812,7.5,498
1696,tt4518260,5.2,1351
1697,tt4526136,4.5,561
1698,tt4537986,5.2,2614
1699,tt4544696,4.4,1019
1700,tt4554212,6.2,924
1701,tt4556738,5.3,180
1702,tt4574654,4.5,1248
1703,tt4580550,4.5,806
1704,tt4594836,5.8,3512
1705,tt4603640,7.3,261
1706,tt7315484,5.3,35091
1707,tt4610308,4.9,143
1708,tt4610748,5.1,4674
1709,tt4625196,8.3,542
1710,tt4628812,6.5,263
1711,tt4633662,4.4,1158
1712,tt4635548,6.7,1752
1713,tt4636068,6.5,235
1714,tt4643520,6.9,317
1715,tt4651666,5.6,1479
1716,tt4653586,4.4,2794
1717,tt4660172,5.3,459
1718,tt4660980,5.8,6333
1719,tt4666726,6.9,13011
1720,tt4677924,4.3,1591
1721,tt4678200,7.4,195
1722,tt4680196,4.6,2862
1723,tt4685750,6.2,2206
1724,tt4686108,5.4,842
1725,tt4688446,7.9,356
1726,tt4693358,6.3,13784
1727,tt4695012,6.2,80976
1728,tt4695098,4.7,2235
1729,tt4698584,6.9,9127
1730,tt4699202,6.6,1577
1731,tt4702826,5.7,2801
1732,tt4703048,6.2,17469
1733,tt4712076,6.1,2339
1734,tt4712086,5.1,517
1735,tt4714568,7.1,10420
1736,tt4714782,6.1,35505
1737,tt4717208,3.8,362
1738,tt4720702,5.2,9026
1739,tt4721404,5.3,848
1740,tt4728338,5.8,18122
1741,tt4730986,7.4,8400
1742,tt4738174,6.6,3670
1743,tt4758646,6,40464
1744,tt4769836,5.7,38772
1745,tt4785662,4.4,171
1746,tt4786132,5.7,1792
1747,tt4786638,4.1,110
1748,tt5294518,5.7,26539
1749,tt4795124,6,13639
1750,tt4799064,6.3,10695
1751,tt4801232,6.2,1868
1752,tt4810104,6.3,102
1753,tt4814760,5.6,6434
1754,tt4815122,6.3,22965
1755,tt4818776,6.8,972
1756,tt4820278,3.8,326
1757,tt4830786,7.2,3868
1758,tt4834712,7.3,182
1759,tt4842270,4.8,270
1760,tt4843344,5.9,1214
1761,tt4846232,7.4,80270
1762,tt4853102,6.4,47797
1763,tt4855748,5.3,6500
1764,tt4867110,3.5,9195
1765,tt4871120,6,210
1766,tt4881362,8.2,2328
1767,tt4898730,3.6,4194
1768,tt4900716,7.7,22621
1769,tt4906960,4.9,4197
1770,tt4906984,5.8,5106
1771,tt4909752,5.7,3631
1772,tt6998596,7.1,575
1773,tt4911780,5.8,331
1774,tt4911876,4.3,225
1775,tt4923846,5.9,1102
1776,tt4925292,7.4,228832
1777,tt4936176,5.7,6585
1778,tt4937564,4.5,1656
1779,tt4940456,4.6,1663
1780,tt4943218,5.2,1542
1781,tt4943992,8.5,1114
1782,tt6923462,7.4,3505
1783,tt4944352,7.6,1822
1784,tt4944460,7,405
1785,tt4955162,6,658
1786,tt4966532,6.1,4268
1787,tt4971258,4.5,349
1788,tt4971408,4.8,6858
1789,tt4972062,6.7,16485
1790,tt4974684,6.9,7823
1791,tt4986098,4.8,26910
1792,tt4986754,5.1,1190
1793,tt4990516,7.7,1110
1794,tt4991512,6.5,4349
1795,tt4993990,4.4,111
1796,tt5000984,5.6,151
1797,tt5012994,5.8,309
1798,tt5013782,5.5,455
1799,tt5016946,7.1,10302
1800,tt5020372,4.1,893
1801,tt5030402,5.9,1555
1802,tt5031658,4.3,801
1803,tt5039994,5.7,6448
1804,tt5046500,5.2,191
1805,tt5050788,5.8,2159
1806,tt5052524,6,1847
1807,tt5057140,5.6,32064
1808,tt5065500,6,207
1809,tt5069158,7.6,169
1810,tt5073620,5.5,9855
1811,tt5074352,8.4,147907
1812,tt5075584,6.8,2812
1813,tt5076792,5.8,2813
1814,tt5078354,6,1042
1815,tt5082662,6.9,214
1816,tt5085924,5.5,11506
1817,tt5089534,6.6,3151
1818,tt5095030,7.1,295480
1819,tt5104080,7.8,2135
1820,tt5112578,6.6,17900
1821,tt5114154,6.3,3019
1822,tt5116504,5.2,597
1823,tt5117484,3.7,508
1824,tt5117670,6.6,33945
1825,tt5120400,4.3,1750
1826,tt5125930,6.5,1691
1827,tt5143450,6.9,121
1828,tt5145414,6.5,560
1829,tt5156274,6.4,2362
1830,tt5156746,6.2,4723
1831,tt5159408,6.6,806
1832,tt5160154,6.5,3256
1833,tt5160928,6.3,3986
1834,tt5161784,6.7,522
1835,tt5164412,6.4,1598
1836,tt5165344,7.1,22712
1837,tt5167174,5.9,556
1838,tt5169582,6.8,628
1839,tt5173032,6.1,7776
1840,tt5176832,2.4,357
1841,tt6011480,5.3,521
1842,tt5189770,5.1,2363
1843,tt5189828,4.5,1285
1844,tt5189894,6,4694
1845,tt5200814,7.1,1727
1846,tt5205210,5.9,1063
1847,tt5207116,5.3,563
1848,tt5208950,5,4323
1849,tt5213744,5.4,783
1850,tt5219972,6.4,1213
1851,tt5220122,6.3,54196
1852,tt5225338,6.2,11061
1853,tt5226380,7.1,349
1854,tt5227468,2.8,397
1855,tt5231798,5.5,274
1856,tt5235880,3.1,3647
1857,tt5238904,5.3,4009
1858,tt5242920,4.3,120
1859,tt5244812,4.2,131
1860,tt5266668,2.7,969
1861,tt5267472,5.4,3911
1862,tt5271120,5.4,342
1863,tt5274066,5.6,1204
1864,tt5290620,1.9,4019
1865,tt5291862,3.6,1108
1866,tt5304992,6.5,40115
1867,tt5305246,6,1270
1868,tt5312232,8.3,11018
1869,tt5314138,1.6,221
1870,tt5316540,5.7,19924
1871,tt5318534,5.5,1374
1872,tt5323386,6.8,280
1873,tt5327410,6.2,400
1874,tt5339586,4.3,224
1875,tt5341036,6.8,283
1876,tt5343678,5.6,396
1877,tt5370442,6.3,554
1878,tt5375434,6.4,1951
1879,tt5377564,7.5,2795
1880,tt5397194,6.1,35705
1881,tt5420886,5.8,5620
1882,tt5456546,3.8,8117
1883,tt5457656,5.8,224
1884,tt5460068,6.1,1133
1885,tt5460276,7.1,23739
1886,tt5461956,5.1,6182
1887,tt5471472,4.8,401
1888,tt5474042,4.4,6109
1889,tt5477566,5.8,6166
1890,tt5507934,3.8,578
1891,tt5512872,5.6,3551
1892,tt5513098,5.9,330
1893,tt5514296,7.2,1241
1894,tt5516404,4.8,430
1895,tt5517438,6.8,4161
1896,tt5519340,6.3,164641
1897,tt5535942,5.6,3400
1898,tt5536736,6.9,40378
1899,tt5538568,6,966
1900,tt5539054,4.6,11119
1901,tt5541002,6.7,607
1902,tt5566790,6.8,12978
1903,tt5577742,5.1,6432
1904,tt5580778,7,157
1905,tt5586362,4.8,2726
1906,tt5598292,5.1,9928
1907,tt5600714,8,4051
1908,tt5608972,2.8,2239
1909,tt5615116,6.4,329
1910,tt5617916,3.5,3292
1911,tt5632164,5.3,668
1912,tt5634088,5.8,861
1913,tt5639898,5.2,1590
1914,tt5640450,6.4,33563
1915,tt5646082,5,239
1916,tt5653514,6.5,5480
1917,tt5654600,6.3,660
1918,tt5657280,4.2,931
1919,tt5662932,7.4,12305
1920,tt5664502,5.3,434
1921,tt5665452,6.2,1627
1922,tt5666304,5.8,19336
1923,tt5667516,3.8,957
1924,tt5672286,7.2,1332
1925,tt5688996,6.3,14199
1926,tt5696326,6.1,1234
1927,tt5697870,6.2,2541
1928,tt5698320,5.8,3357
1929,tt5700672,7.6,151256
1930,tt5701172,5.3,519
1931,tt5702446,5.5,838
1932,tt5709164,5.5,161
1933,tt5712152,6.7,1388
1934,tt5713232,7.6,12863
1935,tt5716380,5.8,2622
1936,tt5716848,5.1,1748
1937,tt5717492,5.8,6556
1938,tt5734548,2.6,560
1939,tt5751998,6.6,9388
1940,tt5752374,5.7,240
1941,tt5755796,6,151
1942,tt5755912,6.8,624
1943,tt5770836,4.8,356
1944,tt5777802,5.3,379
1945,tt5779372,5.7,2979
1946,tt5780570,3,126
1947,tt5791986,6.8,112
1948,tt5796156,5.4,449
1949,tt6747818,5.5,1597
1950,tt5796838,6.2,2628
1951,tt5804314,4.7,2402
1952,tt7689186,6.7,267
1953,tt5805252,7.7,1318
1954,tt5810368,3.4,1283
1955,tt5814408,5.1,271
1956,tt5816374,6.6,5095
1957,tt5827360,5.6,469
1958,tt5829040,5.2,4607
1959,tt5831402,5.1,1587
1960,tt5841344,4.5,1109
1961,tt5848416,6.4,1739
1962,tt5851786,5.6,2587
1963,tt5870322,6.5,645
1964,tt5884234,5,9818
1965,tt5893332,5.2,13985
1966,tt5903926,6.1,322
1967,tt5914996,7.5,2504
1968,tt5917052,6.6,204
1969,tt5925772,6.5,2394
1970,tt5929754,6.8,21929
1971,tt5938084,5.8,1571
1972,tt5946128,7.6,35160
1973,tt5946936,7.1,359
1974,tt5960464,7.1,1380
1975,tt5978194,6.8,359
1976,tt5979312,6,536
1977,tt5979920,8,642
1978,tt5981304,6.3,842
1979,tt5983262,8.2,1431
1980,tt5990066,5.5,3593
1981,tt5997666,5.3,18228
1982,tt6013156,4.7,1709
1983,tt6017594,4.1,1739
1984,tt6018556,4.7,144
1985,tt6023386,4,1050
1986,tt6028796,7.1,394
1987,tt6052206,4.3,128
1988,tt6053440,6.7,2798
1989,tt6057032,7,2176
1990,tt6060156,6.8,12024
1991,tt6060208,6.1,124
1992,tt6069264,5.1,1715
1993,tt6078866,7.2,2213
1994,tt6088634,6.1,187
1995,tt6089358,3.9,826
1996,tt6089700,3.6,1990
1997,tt6090044,2.2,1802
1998,tt6103292,6.1,135
1999,tt6105774,3.6,1373
2000,tt6106494,6.1,291
2001,tt6108090,7.9,19811
2002,tt6113488,6.3,7536
2003,tt6118058,5.1,264
2004,tt6129302,7.6,6148
2005,tt6135042,6.6,682
2006,tt6140148,4.8,478
2007,tt6146590,5,806
2008,tt6148782,6.3,288
2009,tt6155456,5.9,1992
2010,tt6167894,8,4512
2011,tt6170954,6.3,5397
2012,tt6182078,5.1,4769
2013,tt6185692,5.3,421
2014,tt6193424,6.6,5122
2015,tt6194530,6.7,1833
2016,tt7259986,6.6,278
2017,tt8784956,5.3,7195
2018,tt6197494,5,3084
2019,tt6203964,7,210
2020,tt6204340,5.4,8081
2021,tt6212136,5.1,585
2022,tt6212496,6.2,2587
2023,tt6213294,3.8,245
2024,tt6215910,5.1,2509
2025,tt6218358,6.8,20328
2026,tt6238084,3.4,350
2027,tt6246534,6.8,427
2028,tt6251390,5.2,666
2029,tt6259380,6.1,30859
2030,tt6266218,6.4,421
2031,tt6268734,5.1,328
2032,tt6271110,4.3,169
2033,tt6271806,4.1,616
2034,tt6272828,5.5,3368
2035,tt6275262,5.6,1190
2036,tt6280608,5.1,886
2037,tt6280858,2.6,266
2038,tt6281936,6.4,210
2039,tt6283780,5.4,391
2040,tt6289320,7.9,280
2041,tt6292852,6.7,70725
2042,tt6296236,6.6,2377
2043,tt6312802,5.8,626
2044,tt6318848,4.7,1487
2045,tt6333070,6.7,1623
2046,tt6333086,6.5,1909
2047,tt6334874,4.4,589
2048,tt6334884,4.7,2595
2049,tt6338476,6.2,2925
2050,tt6340604,6.2,2681
2051,tt6342110,5.5,540
2052,tt6342440,6.8,701
2053,tt6346982,7,180
2054,tt6352548,5.4,1374
2055,tt6355584,7.3,131
2056,tt6357074,4.8,183
2057,tt6378942,5.9,1433
2058,tt6381074,6.9,119
2059,tt6395306,7.2,662
2060,tt6408226,6.4,12827
2061,tt6409782,5.4,398
2062,tt6423578,5.1,187
2063,tt6443294,6.6,2558
2064,tt6452574,7.8,46057
2065,tt6467500,6.6,191
2066,tt6471054,6.9,800
2067,tt6485666,7.6,23578
2068,tt6495388,6.4,360
2069,tt6496236,5.4,623
2070,tt6502956,5.5,1519
2071,tt6508228,5.4,2162
2072,tt6514196,6.6,4432
2073,tt6514218,5.8,146
2074,tt6516314,5.6,5680
2075,tt6518270,5.7,4220
2076,tt6522546,6.6,8804
2077,tt6529772,5.3,383
2078,tt6531196,4.9,492
2079,tt6538906,5.5,198
2080,tt6560164,5.8,4970
2081,tt6572702,4.8,3843
2082,tt6589292,6.2,332
2083,tt6598626,6.1,4108
2084,tt6610158,5.8,5113
2085,tt6613958,6.1,1344
2086,tt6615648,7.9,916
2087,tt6643972,5.5,8945
2088,tt6650364,6.9,1039
2089,tt6652708,4.5,3252
2090,tt6659936,5.1,858
2091,tt6671850,4.2,315
2092,tt6678874,3.3,1533
2093,tt6684714,5.3,10138
2094,tt6685776,6.3,186
2095,tt6705612,6.6,823
2096,tt6725484,7.2,725
2097,tt6728096,5.9,5099
2098,tt6734886,7.5,1218
2099,tt6747420,5.8,1590
2100,tt6759686,4.6,177
2101,tt6760876,5.8,6601
2102,tt6774212,5.3,3881
2103,tt6774588,6,669
2104,tt6774786,5,10937
2105,tt6826438,7.6,20366
2106,tt6830716,2.9,296
2107,tt6830780,6.1,2688
2108,tt6836936,5.2,14811
2109,tt6843446,3.4,457
2110,tt6843704,5.7,179
2111,tt6851966,5.6,247
2112,tt6852872,5.8,6228
2113,tt6864588,5,136
2114,tt6878882,6.7,5766
2115,tt6888938,4.4,1266
2116,tt6900448,7,11521
2117,tt6903200,7,592
2118,tt6917210,5.8,1004
2119,tt6937368,7.3,1891
2120,tt6941560,6.1,176
2121,tt6949882,6.9,101
2122,tt6950250,4,164
2123,tt6958014,5.3,2882
2124,tt6967980,7.5,18115
2125,tt6972212,4.5,132
2126,tt7019942,8.4,8238
2127,tt7021508,5.2,621
2128,tt7028460,6.7,208
2129,tt7043012,5.7,51660
2130,tt7046112,6.3,130
2131,tt7052244,4.2,1926
2132,tt7057496,7.4,14970
2133,tt7059506,6.3,1464
2134,tt7073710,5.7,5871
2135,tt7087944,6.4,251
2136,tt7103742,5.7,314
2137,tt7104578,4.7,386
2138,tt7104984,6.3,3080
2139,tt7109106,4.4,307
2140,tt7127344,7.6,457
2141,tt7133686,6.6,13382
2142,tt7149916,4.4,2089
2143,tt7151438,5.7,192
2144,tt7155460,8,546
2145,tt7172308,6.8,567
2146,tt7178026,5.8,168
2147,tt7184124,6.6,659
2148,tt7188978,5.4,1837
2149,tt7200946,4.9,7598
2150,tt7202976,6.9,138
2151,tt7205316,4.7,3439
2152,tt7207478,4.3,180
2153,tt7222552,6.3,444
2154,tt7228072,4.4,245
2155,tt7229730,5.3,197
2156,tt7260048,6.7,2893
2157,tt7262178,2.9,460
2158,tt7262990,2.8,892
2159,tt7281126,4.3,449
2160,tt7295450,4.2,4292
2161,tt7296862,3.2,4247
2162,tt7299298,6.2,2435
2163,tt7308310,4.3,196
2164,tt7312940,3.8,12724
2165,tt7315570,5.1,763
2166,tt7322864,4.3,153
2167,tt7335104,5.3,350
2168,tt7341406,6.4,497
2169,tt7350614,5.4,2997
2170,tt7355718,7.1,1714
2171,tt7358154,5.5,517
2172,tt7370952,5.7,529
2173,tt7399470,7.1,6509
2174,tt7428820,4.7,714
2175,tt7430722,6.5,18092
2176,tt7456534,5.7,1806
2177,tt7475710,7.9,107
2178,tt7476438,4.5,2313
2179,tt7477108,7.2,452
2180,tt7486356,5.1,188
2181,tt7497366,6.4,535
2182,tt7502214,7.8,322
2183,tt7511008,4.4,1651
2184,tt7524414,7.1,2642
2185,tt8530978,6.4,3913
2186,tt7527082,7.8,893
2187,tt7530986,6.9,2190
2188,tt7534054,6.7,2670
2189,tt7541106,5.8,4936
2190,tt7541708,7.3,740
2191,tt7542576,6,1887
2192,tt7543072,5.9,501
2193,tt7547814,6,134
2194,tt7550000,6,45177
2195,tt7556122,6.7,98100
2196,tt7562334,6,700
2197,tt7580570,8.4,1269
2198,tt7581572,8.2,3016
2199,tt7583280,8,714
2200,tt7585674,5.3,194
2201,tt7605074,6,25379
2202,tt7608028,3.2,29860
2203,tt7612748,5.2,376
2204,tt7613996,3.8,383
2205,tt7624840,4.9,863
2206,tt7643622,5.2,484
2207,tt7647198,7.3,676
2208,tt7686876,6.8,120
2209,tt7690638,7.4,4336
2210,tt7690670,5.1,6015
2211,tt7707314,5.6,1239
2212,tt7730102,5.2,901
2213,tt7734662,7.5,107
2214,tt7736536,5.3,150
2215,tt7746986,7.6,630
2216,tt7748196,5.2,113
2217,tt7761590,7.6,935
2218,tt7763020,6.4,1658
2219,tt7765900,5.3,207
2220,tt7772580,6.1,33388
2221,tt7776430,6.5,1068
2222,tt7794052,8.5,1538
2223,tt7827944,4.5,203
2224,tt7832848,5.6,2628
2225,tt7841496,5.6,3787
2226,tt9068514,7.2,298
2227,tt7843946,7.3,2799
2228,tt7867076,7.4,474
2229,tt7867670,6.8,3646
2230,tt7871636,4.6,2163
2231,tt7886846,6.1,501
2232,tt7895904,4.2,2306
2233,tt7913172,6.7,892
2234,tt7913394,3,630
2235,tt7933564,6.2,201
2236,tt7933796,5.5,128
2237,tt7946422,6.2,17474
2238,tt7957694,5.6,10392
2239,tt7979142,5.4,6994
2240,tt7981318,6,256
2241,tt7983712,3.1,337
2242,tt8011344,3.1,197
2243,tt8041276,7.2,10186
2244,tt8042292,7.7,3760
2245,tt8043306,7.3,3157
2246,tt8058874,5.1,5060
2247,tt8066304,6.6,104
2248,tt8075260,6.2,16505
2249,tt8106534,6.1,129507
2250,tt8108164,5.5,3591
2251,tt8108198,8.3,65800
2252,tt8108202,7.6,26473
2253,tt8130558,5.5,1325
2254,tt8130904,5.4,2541
2255,tt8130968,7.8,20874
2256,tt8136908,7.2,348
2257,tt8142044,3.3,803
2258,tt8160834,5.3,736
2259,tt8161554,4.3,448
2260,tt8169446,5.4,17806
2261,tt8170298,3.5,1510
2262,tt8179388,5.2,17598
2263,tt8190748,6,187
2264,tt8201170,5.8,30444
2265,tt8202262,6.7,451
2266,tt8207768,6.8,494
2267,tt8211214,5.1,413
2268,tt8230872,6.8,491
2269,tt8246392,5.7,1636
2270,tt9412268,6.3,3598
2271,tt8268916,3.3,457
2272,tt8273258,5.8,241
2273,tt8286926,7.6,2735
2274,tt8304386,4.2,1823
2275,tt8310924,6.3,467
2276,tt8318348,4.9,239
2277,tt8324474,6.2,352
2278,tt8329290,5.6,3765
2279,tt8329618,5.8,251
2280,tt8338746,3.8,246
2281,tt8347882,8.1,514
2282,tt8361028,5.9,24592
2283,tt8362228,6.3,633
2284,tt8396120,5.9,226
2285,tt8396306,7,110
2286,tt8417466,4.7,544
2287,tt8420952,4.2,427
2288,tt8439854,6.5,9300
2289,tt8443704,7.3,3301
2290,tt8458202,6.7,1935
2291,tt8459250,7.1,1420
2292,tt8477336,5.9,116
2293,tt8484586,6.9,589
2294,tt8490894,7.9,1603
2295,tt8506874,7.4,643
2296,tt8523028,5.2,718
2297,tt8526872,7.3,49045
2298,tt8529070,6.5,359
2299,tt8550208,6.5,4675
2300,tt8563656,5.9,141
2301,tt8581230,2.1,316
2302,tt8583378,6.6,494
2303,tt8587122,6.1,471
2304,tt8595708,6.7,490
2305,tt8599746,6,881
2306,tt8610996,4,102
2307,tt8629748,6.2,61330
2308,tt8631800,5.2,104
2309,tt8634328,7.4,166
2310,tt8659050,6.8,260
2311,tt8665634,8.4,2086
2312,tt8669070,7.1,370
2313,tt8698956,6.8,2582
2314,tt8712750,3.9,1399
2315,tt8723216,4.7,1750
2316,tt8733898,7,2410
2317,tt8737124,4.8,129
2318,tt8743064,5.1,8551
2319,tt8747450,7,4611
2320,tt8747548,7,1624
2321,tt8749922,4.8,641
2322,tt8750122,4.1,658
2323,tt8757960,6.3,607
2324,tt8758086,4.9,2362
2325,tt8765496,6,3013
2326,tt8769032,7.3,2362
2327,tt8784906,8.6,705
2328,tt8826936,6,213
2329,tt8835552,6.8,186
2330,tt8846072,6.2,314
2331,tt8852242,6.2,123
2332,tt8852536,5.1,229
2333,tt8855960,6.7,1202
2334,tt8856470,5.7,3936
2335,tt8861786,4,176
2336,tt8879666,5,131
2337,tt8902948,6.4,2552
2338,tt8902990,7.5,6427
2339,tt8908002,6.3,7897
2340,tt8943224,6.4,150
2341,tt8949056,6,3231
2342,tt8959820,7.2,7665
2343,tt8972556,3.7,403
2344,tt8976464,6.4,720
2345,tt8983202,7.1,25077
2346,tt9000388,8,1160
2347,tt9007142,6.1,455
2348,tt9010900,4.9,497
2349,tt9032888,5.6,2257
2350,tt9033386,3.9,181
2351,tt9044128,5.6,736
2352,tt9084890,7.1,185
2353,tt9113332,5.2,191
2354,tt9135260,4.6,1878
2355,tt9176260,5.4,762
2356,tt9185316,6,446
2357,tt9213932,6.1,1128
2358,tt9228950,4.8,866
2359,tt9243442,4.2,102
2360,tt9252468,5.9,138
2361,tt9252508,5.2,16230
2362,tt9270416,4.2,142
2363,tt9271408,8,2256
2364,tt9307666,7.4,226
2365,tt9310328,6.5,4133
2366,tt9378320,5.2,244
2367,tt9382596,4,762
2368,tt9390026,5.3,368
2369,tt9419834,4.3,17103
2370,tt9426186,5.7,3367
2371,tt9428190,3.2,284
2372,tt9434836,3.1,106
2373,tt9448362,7,257
2374,tt9465600,4.6,3098
2375,tt9506474,7.1,6349
2376,tt9526822,7,267
2377,tt9537292,7.1,6254
2378,tt9562694,2.6,2653
2379,tt9602378,4.4,139
2380,tt9614988,8.2,1104
2381,tt9616700,6.7,1693
2382,tt9648942,6.6,724
2383,tt9652322,5,172
2384,tt9665400,7.4,358
2385,tt9742362,8.5,712
2386,tt9766280,6.1,221
2387,tt9769714,5.6,111
2388,tt9784456,5.9,15189
2389,tt9806322,6.4,5423
2390,tt9817760,3.6,661
2391,tt9850064,6.5,1148
2392,tt9866700,3.7,1299
2393,tt9887580,3.5,326
2394,tt9898858,5.1,10627
